{
  "roc_auc_mean": 0.8630335722066838,
  "roc_auc_std": 0.014793838685944142,
  "precision_mean": 0.4877272727272728,
  "precision_std": 0.27330091187142436,
  "recall_mean": 0.04668269230769231,
  "recall_std": 0.009580947949418547,
  "f1_mean": 0.08358341396047601,
  "f1_std": 0.016626631759472894
}