{
  "files_analyzed": 9,
  "rich_idle_ratio": {
    "mean": 0.765557715177839,
    "std": 0.3020519509187198,
    "p95": 0.9986484210526316,
    "p99": 0.9987696842105264,
    "max": 0.9988
  },
  "voltage_min": {
    "mean": NaN,
    "std": NaN,
    "p5": NaN,
    "p10": NaN,
    "min": NaN
  },
  "voltage_mean": {
    "mean": NaN,
    "std": NaN
  },
  "stft": {
    "mean": -0.09224237746043998,
    "std": 3.017229613743508,
    "p5": -4.0,
    "p10": -2.0
  },
  "lambda": {
    "mean": 0.4800768514205869,
    "std": 0.27147880086621085,
    "p90": 0.76,
    "p95": 0.81
  }
}